id,nome,turma,materia,nota_1,nota_2,nota_3,media,situacao
1,Kevin Oliveira,1B,Inglês,24.2,50.8,33.4,36.1,Reprovado
2,Augusto Freitas,1B,Matemática,43.6,89.7,44.7,59.3,Recuperação
3,Vanessa Lima,2B,Física,42.4,22.0,69.3,44.6,Recuperação
4,Vanessa Ferreira,2A,Matemática,17.8,32.7,71.9,40.8,Recuperação
5,Larissa Oliveira,2A,Química,87.2,37.5,63.8,62.8,Aprovado
6,Bruno Costa,1A,Geografia,26.8,84.5,4.4,38.6,Reprovado
7,Yago Pereira,2B,Química,52.3,95.3,11.6,53.1,Recuperação
8,Igor Rodrigues,2A,Filosofia,90.9,7.0,94.0,64.0,Aprovado
9,Diana Barros,3A,Filosofia,62.8,59.0,45.2,55.7,Recuperação
10,Vanessa Araújo,3B,Física,1.4,93.6,50.1,48.4,Recuperação
11,Julia Lima,3B,Biologia,56.5,77.4,8.8,47.6,Recuperação
12,Elias Gomes,1A,História,2.7,47.6,81.8,44.0,Recuperação
13,Carlos Rodrigues,3A,História,50.1,57.7,43.0,50.3,Recuperação
14,Bruno Carvalho,1B,Matemática,82.9,82.5,66.1,77.2,Aprovado
15,Eduardo Carvalho,2B,Inglês,41.2,7.0,91.0,46.4,Recuperação
16,Ana Almeida,3B,Português,52.3,53.2,1.0,35.5,Reprovado
17,Otavio Martins,2B,Biologia,18.6,89.4,35.0,47.7,Recuperação
18,Beatriz Santos,3B,História,46.4,36.8,24.3,35.8,Reprovado
19,Ana Barros,2B,Sociologia,84.2,7.0,44.3,45.2,Recuperação
20,Thiago Silva,3A,Filosofia,98.0,4.5,1.4,34.6,Reprovado
21,Eduardo Santos,1B,Física,92.9,30.1,63.1,62.0,Aprovado
22,Fabiana Silva,1A,Português,89.9,75.9,80.2,82.0,Aprovado
23,Larissa Carvalho,3A,Física,75.6,22.4,72.7,56.9,Recuperação
24,Helena Nascimento,3B,Filosofia,62.2,11.2,76.3,49.9,Recuperação
25,Beatriz Carvalho,3B,Inglês,37.6,45.6,73.0,52.1,Recuperação
26,Vanessa Nascimento,3B,Filosofia,63.2,25.4,62.7,50.4,Recuperação
27,Beatriz Lima,3A,Sociologia,14.9,50.9,8.9,24.9,Reprovado
28,Natalia Nascimento,3B,Química,1.9,97.4,65.5,54.9,Recuperação
29,Patricia Oliveira,2A,Física,15.8,39.7,60.6,38.7,Reprovado
30,Natalia Gomes,3A,Filosofia,18.5,34.0,20.7,24.4,Reprovado
31,Fernanda Santos,2A,Geografia,67.6,94.9,86.1,82.9,Aprovado
32,Willian Costa,3A,História,46.1,12.7,31.1,30.0,Reprovado
33,Elias Almeida,3A,Inglês,50.9,18.7,27.0,32.2,Reprovado
34,Otavio Freitas,1B,Matemática,48.6,62.4,80.5,63.8,Aprovado
35,Zara Lima,1A,Inglês,59.9,36.2,72.0,56.0,Recuperação
36,Marcos Ferreira,2B,Química,42.5,97.5,89.6,76.5,Aprovado
37,Augusto Nascimento,2A,Química,52.4,45.5,79.9,59.3,Recuperação
38,Daniela Mendes,1B,História,76.7,30.0,24.1,43.6,Recuperação
39,Vanessa Alves,1A,Sociologia,88.8,88.4,29.6,68.9,Aprovado
40,Larissa Souza,3B,Biologia,93.2,57.5,57.8,69.5,Aprovado
41,Fernanda Almeida,3B,Geografia,79.3,51.3,89.1,73.2,Aprovado
42,Helena Gomes,1A,Sociologia,90.0,94.1,89.9,91.3,Aprovado
43,Fernanda Carvalho,1A,Biologia,65.6,90.8,69.9,75.4,Aprovado
44,Carlos Pereira,3B,Biologia,1.0,68.7,95.0,54.9,Recuperação
45,Beatriz Santos,2B,Português,41.9,53.3,31.2,42.1,Recuperação
46,Sandra Freitas,3B,Química,71.5,18.3,44.7,44.8,Recuperação
47,Marcos Pereira,3A,Filosofia,56.2,1.8,62.9,40.3,Recuperação
48,Bruno Ferreira,2B,Português,65.4,61.4,77.4,68.1,Aprovado
49,Igor Oliveira,2A,Física,88.4,50.4,5.5,48.1,Recuperação
50,Yago Araújo,2A,Geografia,7.2,43.0,18.4,22.9,Reprovado
51,Zara Rodrigues,3A,Português,86.1,11.7,87.8,61.9,Aprovado
52,Caio Carvalho,2B,Matemática,14.3,22.1,55.5,30.6,Reprovado
53,Carlos Rodrigues,2B,Biologia,32.2,7.1,40.9,26.7,Reprovado
54,Helena Ribeiro,2A,Química,68.4,56.1,46.0,56.8,Recuperação
55,Vanessa Souza,1A,Biologia,63.3,81.5,1.4,48.7,Recuperação
56,Zara Ribeiro,1B,Química,52.0,39.4,17.7,36.4,Reprovado
57,Caio Mendes,1B,Biologia,82.9,64.7,79.3,75.6,Aprovado
58,Eduardo Santos,3B,Geografia,64.2,1.5,1.3,22.3,Reprovado
59,Ximena Nascimento,2A,Filosofia,54.5,54.3,95.0,67.9,Aprovado
60,Fernanda Barros,2B,Geografia,88.9,9.6,15.4,38.0,Reprovado
61,Willian Lima,3B,Sociologia,74.9,79.8,99.9,84.9,Aprovado
62,Willian Martins,2A,Filosofia,44.6,18.8,69.0,44.1,Recuperação
63,Vanessa Mendes,3A,Sociologia,44.9,88.3,11.0,48.1,Recuperação
64,Natalia Almeida,3B,História,56.1,46.9,50.1,51.0,Recuperação
65,Julia Ribeiro,3A,Matemática,37.9,54.2,7.5,33.2,Reprovado
66,Kevin Carvalho,3B,Sociologia,40.0,35.2,36.0,37.1,Reprovado
67,Ximena Rodrigues,1B,Matemática,63.2,8.8,40.7,37.6,Reprovado
68,Helena Santos,2A,Biologia,43.7,48.8,39.9,44.1,Recuperação
69,Ximena Almeida,2B,Português,36.9,40.9,53.7,43.8,Recuperação
70,Willian Silva,3A,Geografia,2.6,78.7,92.5,57.9,Recuperação
71,Patricia Freitas,3A,Química,81.9,14.8,10.1,35.6,Reprovado
72,Thiago Ribeiro,2B,Biologia,78.0,74.4,47.6,66.7,Aprovado
73,Helena Mendes,1A,Geografia,54.5,85.5,20.9,53.6,Recuperação
74,Bruno Carvalho,2A,Química,21.1,36.9,15.2,24.4,Reprovado
75,Marcos Nascimento,3A,História,51.7,80.5,32.5,54.9,Recuperação
76,Ximena Araújo,1B,Matemática,46.8,68.6,16.8,44.1,Recuperação
77,Zara Almeida,2A,Filosofia,76.8,50.2,35.1,54.0,Recuperação
78,Julia Rodrigues,1B,Física,98.5,1.5,87.5,62.5,Aprovado
79,Marcos Barros,2A,Sociologia,47.3,66.3,94.9,69.5,Aprovado
80,Diana Lima,2A,Português,42.5,47.9,75.9,55.4,Recuperação
81,Vanessa Pereira,2B,Sociologia,23.9,77.1,43.3,48.1,Recuperação
82,Augusto Martins,3A,Geografia,26.4,99.5,12.9,46.3,Recuperação
83,Helena Nascimento,2A,Matemática,31.9,61.8,69.6,54.4,Recuperação
84,Yago Alves,1A,Português,44.4,89.9,81.5,71.9,Aprovado
85,Yago Souza,1B,Geografia,75.3,71.2,87.8,78.1,Aprovado
86,Marcos Costa,3B,Português,90.4,22.8,99.7,71.0,Aprovado
87,Yago Santos,2B,Matemática,91.5,85.9,33.5,70.3,Aprovado
88,Julia Costa,2A,Filosofia,24.6,58.8,75.8,53.1,Recuperação
89,Patricia Alves,3A,Filosofia,89.7,6.8,28.0,41.5,Recuperação
90,Daniela Lima,1B,Português,90.7,63.2,50.1,68.0,Aprovado
91,Yago Rodrigues,2A,História,47.6,5.3,64.5,39.1,Reprovado
92,Eduardo Martins,2B,Filosofia,45.5,61.4,85.9,64.3,Aprovado
93,Larissa Freitas,1B,Filosofia,40.0,39.7,79.6,53.1,Recuperação
94,Sandra Alves,1A,Português,61.2,5.7,32.9,33.3,Reprovado
95,Gabriel Costa,3A,História,73.2,79.9,11.7,54.9,Recuperação
96,Daniela Silva,2B,Português,90.4,26.0,50.0,55.5,Recuperação
97,Carlos Lima,2A,Geografia,27.1,28.6,88.4,48.0,Recuperação
98,Kevin Freitas,1A,Filosofia,22.2,66.4,95.2,61.3,Aprovado
99,Diana Araújo,3B,Geografia,88.5,26.5,75.0,63.3,Aprovado
100,Sandra Costa,1B,Matemática,80.5,74.4,59.6,71.5,Aprovado
101,Eduardo Ferreira,1A,Geografia,87.9,30.5,8.3,42.2,Recuperação
102,Augusto Carvalho,3A,Português,25.0,46.9,29.5,33.8,Reprovado
103,Beatriz Pereira,1B,Geografia,88.9,24.4,62.0,58.4,Recuperação
104,Igor Pereira,1A,Química,41.6,42.6,58.5,47.6,Recuperação
105,Willian Ribeiro,1A,Filosofia,56.4,89.2,66.9,70.8,Aprovado
106,Zara Rodrigues,3B,Filosofia,68.1,70.4,50.6,63.0,Aprovado
107,Gabriel Freitas,1B,Matemática,35.3,96.4,18.1,49.9,Recuperação
108,Ana Lima,2A,Biologia,51.5,2.8,18.3,24.2,Reprovado
109,Ana Souza,2A,Sociologia,18.0,64.5,5.3,29.3,Reprovado
110,Eduardo Costa,3A,Biologia,94.8,86.6,82.3,87.9,Aprovado
111,Rafael Souza,1B,História,96.0,73.6,13.9,61.2,Aprovado
112,Fabiana Lima,2A,Biologia,81.5,63.6,44.6,63.2,Aprovado
113,Carlos Souza,2B,Geografia,98.8,77.1,75.6,83.8,Aprovado
114,Rafael Araújo,3B,Inglês,5.6,48.5,37.5,30.5,Reprovado
115,Diana Almeida,2B,Filosofia,9.3,43.7,42.0,31.7,Reprovado
116,Ximena Ribeiro,3B,Geografia,30.4,34.6,63.5,42.8,Recuperação
117,Patricia Ferreira,2B,Sociologia,75.5,3.6,11.0,30.0,Reprovado
118,Sandra Freitas,1B,História,93.0,11.5,51.8,52.1,Recuperação
119,Igor Nascimento,1B,Biologia,91.6,69.8,40.5,67.3,Aprovado
120,Patricia Ribeiro,1B,Geografia,1.1,73.1,63.7,46.0,Recuperação
121,Augusto Costa,2B,Sociologia,1.8,58.8,62.9,41.2,Recuperação
122,Vanessa Barros,2A,História,14.2,76.4,85.4,58.7,Recuperação
123,Elias Silva,2B,História,69.1,55.1,80.7,68.3,Aprovado
124,Zara Rodrigues,2B,Biologia,90.5,24.3,56.6,57.1,Recuperação
125,Beatriz Nascimento,1B,Sociologia,9.9,9.9,16.8,12.2,Reprovado
126,Helena Silva,3A,Inglês,35.0,23.1,62.1,40.1,Recuperação
127,Caio Carvalho,3A,Química,50.1,6.1,98.7,51.6,Recuperação
128,Elias Barros,1B,Biologia,85.8,43.0,92.3,73.7,Aprovado
129,Fernanda Santos,1A,História,61.6,12.5,76.0,50.0,Recuperação
130,Elias Santos,2A,Biologia,47.1,22.0,33.1,34.1,Reprovado
131,Rafael Martins,3A,Sociologia,76.1,84.0,66.2,75.4,Aprovado
132,Fernanda Martins,3A,Português,37.7,68.6,14.6,40.3,Recuperação
133,Igor Santos,1A,Inglês,47.4,47.5,83.4,59.4,Recuperação
134,Fabiana Oliveira,1B,Sociologia,70.6,48.1,17.1,45.3,Recuperação
135,Julia Gomes,3B,Português,67.4,88.6,34.1,63.4,Aprovado
136,Helena Martins,1A,Filosofia,53.3,80.9,16.8,50.3,Recuperação
137,Caio Souza,1A,Matemática,70.9,98.1,1.8,56.9,Recuperação
138,Fernanda Pereira,3A,Matemática,45.3,9.1,93.5,49.3,Recuperação
139,Ana Souza,3B,História,53.0,55.8,44.7,51.2,Recuperação
140,Yago Santos,2A,Filosofia,27.3,56.5,88.4,57.4,Recuperação
141,Julia Pereira,3B,Sociologia,51.9,43.6,29.7,41.7,Recuperação
142,Thiago Souza,1A,Biologia,90.7,38.4,96.7,75.3,Aprovado
143,Gabriel Ribeiro,1A,História,11.7,92.8,25.2,43.2,Recuperação
144,Willian Martins,3A,Filosofia,68.2,12.8,53.0,44.7,Recuperação
145,Vanessa Freitas,2B,Filosofia,2.6,47.1,83.4,44.4,Recuperação
146,Diana Oliveira,2B,Física,25.7,55.3,68.1,49.7,Recuperação
147,Daniela Carvalho,3B,Matemática,90.7,32.1,62.5,61.8,Aprovado
148,Thiago Silva,1B,Física,41.9,21.1,67.4,43.5,Recuperação
149,Otavio Silva,1B,Matemática,24.1,67.0,88.5,59.9,Recuperação
150,Thiago Souza,2B,Física,24.8,42.2,69.9,45.6,Recuperação
151,Carlos Souza,3A,Física,84.0,23.2,18.4,41.9,Recuperação
152,Igor Rodrigues,3B,Biologia,87.8,37.4,52.0,59.1,Recuperação
153,Yago Alves,3A,Biologia,8.1,16.2,63.9,29.4,Reprovado
154,Ana Freitas,3A,Português,14.5,24.9,16.0,18.5,Reprovado
155,Rafael Alves,2A,Filosofia,64.8,81.3,69.4,71.8,Aprovado
156,Ximena Rodrigues,3A,Português,27.2,49.2,99.1,58.5,Recuperação
157,Elias Ferreira,3A,Geografia,16.0,80.4,55.6,50.7,Recuperação
158,Diana Araújo,1A,Inglês,49.0,36.1,37.4,40.8,Recuperação
159,Ximena Pereira,1B,Inglês,4.4,91.7,33.3,43.1,Recuperação
160,Yago Nascimento,2A,Português,19.5,12.0,34.1,21.9,Reprovado
161,Kevin Pereira,1B,Física,14.1,40.7,41.7,32.2,Reprovado
162,Marcos Mendes,2A,Português,92.2,59.5,21.4,57.7,Recuperação
163,Larissa Freitas,2B,Filosofia,21.4,33.1,75.5,43.3,Recuperação
164,Kevin Martins,3A,Geografia,47.8,26.0,16.0,29.9,Reprovado
165,Augusto Souza,1A,Matemática,15.1,51.2,45.2,37.2,Reprovado
166,Bruno Ferreira,2B,Física,24.5,28.0,42.5,31.7,Reprovado
167,Larissa Gomes,3A,Química,1.1,60.2,48.3,36.5,Reprovado
168,Gabriel Costa,3B,Química,9.0,90.4,79.2,59.5,Recuperação
169,Caio Ferreira,1B,Geografia,69.5,12.2,1.7,27.8,Reprovado
170,Daniela Barros,2B,Biologia,32.8,83.9,29.0,48.6,Recuperação
171,Patricia Rodrigues,3B,História,20.1,32.8,47.4,33.4,Reprovado
172,Patricia Barros,3A,Inglês,97.3,92.6,21.9,70.6,Aprovado
173,Zara Ribeiro,1B,Inglês,49.6,77.2,89.1,72.0,Aprovado
174,Ximena Souza,2B,Português,30.6,16.2,81.0,42.6,Recuperação
175,Natalia Silva,1A,Física,34.5,65.2,47.7,49.1,Recuperação
176,Daniela Carvalho,3B,Sociologia,92.6,90.5,94.0,92.4,Aprovado
177,Fernanda Almeida,2A,Português,73.4,61.1,7.2,47.2,Recuperação
178,Marcos Freitas,1B,Física,18.7,13.8,38.0,23.5,Reprovado
179,Rafael Freitas,1B,Filosofia,0.1,33.8,26.6,20.2,Reprovado
180,Carlos Alves,2A,Química,41.6,50.0,92.4,61.3,Aprovado
181,Yago Nascimento,3B,Biologia,69.5,52.7,35.0,52.4,Recuperação
182,Carlos Costa,1A,Filosofia,71.7,66.4,12.4,50.2,Recuperação
183,Elias Oliveira,3A,Química,98.6,57.8,56.4,70.9,Aprovado
184,Ana Nascimento,1A,Sociologia,78.6,47.6,63.6,63.3,Aprovado
185,Otavio Ferreira,1B,Sociologia,42.0,5.0,54.9,34.0,Reprovado
186,Vanessa Santos,2A,Matemática,72.4,76.1,82.6,77.0,Aprovado
187,Willian Ribeiro,1A,Filosofia,86.5,16.0,6.7,36.4,Reprovado
188,Daniela Gomes,3B,Matemática,43.4,19.1,25.5,29.3,Reprovado
189,Elias Barros,1A,Química,86.4,61.7,69.0,72.4,Aprovado
190,Eduardo Rodrigues,1A,Química,82.1,74.6,69.1,75.3,Aprovado
191,Kevin Costa,3A,História,66.1,31.2,20.2,39.2,Reprovado
192,Caio Barros,1B,Biologia,97.3,73.6,0.4,57.1,Recuperação
193,Willian Costa,1A,Física,91.2,61.4,8.3,53.6,Recuperação
194,Helena Araújo,3B,Sociologia,26.3,73.3,43.5,47.7,Recuperação
195,Beatriz Costa,3A,Português,8.6,50.9,59.3,39.6,Reprovado
196,Otavio Souza,3A,Física,10.9,60.2,12.3,27.8,Reprovado
197,Caio Ferreira,2B,Inglês,77.7,47.8,15.4,47.0,Recuperação
198,Marcos Lima,3B,Sociologia,21.5,12.6,34.9,23.0,Reprovado
199,Helena Costa,2A,Português,59.8,55.1,7.1,40.7,Recuperação
200,Elias Ribeiro,1A,Biologia,75.0,22.6,9.0,35.5,Reprovado
201,Marcos Rodrigues,3A,Física,21.1,42.8,92.8,52.2,Recuperação
202,Larissa Lima,1B,Filosofia,85.0,95.1,71.3,83.8,Aprovado
203,Beatriz Pereira,3A,Sociologia,0.4,61.2,33.7,31.8,Reprovado
204,Beatriz Oliveira,2B,Química,19.1,40.0,97.8,52.3,Recuperação
205,Augusto Freitas,2B,Matemática,86.1,57.2,9.4,50.9,Recuperação
206,Fabiana Freitas,3A,Química,74.6,63.3,71.5,69.8,Aprovado
207,Caio Silva,2B,Geografia,86.1,21.3,0.2,35.9,Reprovado
208,Thiago Oliveira,1B,Biologia,44.5,80.2,20.9,48.5,Recuperação
209,Yago Ferreira,3B,Inglês,77.7,86.7,12.0,58.8,Recuperação
210,Diana Nascimento,2B,História,83.7,66.7,98.7,83.0,Aprovado
211,Diana Almeida,3A,Filosofia,37.6,60.7,64.6,54.3,Recuperação
212,Ana Lima,1B,Filosofia,71.0,45.5,24.5,47.0,Recuperação
213,Natalia Silva,2A,Sociologia,81.4,11.3,64.7,52.5,Recuperação
214,Rafael Silva,1A,Português,61.0,6.5,26.6,31.4,Reprovado
215,Gabriel Rodrigues,2B,Matemática,43.0,87.7,73.4,68.0,Aprovado
216,Natalia Oliveira,1B,Inglês,65.1,44.1,64.7,58.0,Recuperação
217,Patricia Martins,2B,Química,70.2,6.3,35.4,37.3,Reprovado
218,Vanessa Costa,3B,Química,19.6,43.2,57.0,39.9,Reprovado
219,Yago Ribeiro,2A,Biologia,3.0,43.5,38.5,28.3,Reprovado
220,Vanessa Santos,2A,Inglês,26.1,97.2,97.4,73.6,Aprovado
221,Willian Lima,2B,Biologia,61.3,28.3,83.4,57.7,Recuperação
222,Patricia Araújo,3B,Sociologia,50.7,67.8,76.1,64.9,Aprovado
223,Julia Rodrigues,3B,História,89.6,62.2,84.2,78.7,Aprovado
224,Beatriz Lima,3B,Biologia,67.3,6.7,57.0,43.7,Recuperação
225,Natalia Costa,2A,Inglês,91.8,23.4,66.7,60.6,Aprovado
226,Patricia Martins,2B,História,0.5,69.5,60.9,43.6,Recuperação
227,Yago Ferreira,2B,Português,61.1,58.4,83.6,67.7,Aprovado
228,Larissa Ribeiro,2B,História,39.4,90.0,10.1,46.5,Recuperação
229,Helena Gomes,1A,Português,2.1,48.7,22.2,24.3,Reprovado
230,Gabriel Freitas,3B,Matemática,4.4,2.5,14.2,7.0,Reprovado
231,Thiago Barros,3B,Física,67.6,11.1,41.8,40.2,Recuperação
232,Fernanda Lima,2A,Biologia,46.5,1.7,32.2,26.8,Reprovado
233,Carlos Alves,2A,Inglês,56.1,35.4,38.0,43.2,Recuperação
234,Ximena Ferreira,3B,Química,30.3,89.2,56.2,58.6,Recuperação
235,Larissa Souza,2B,Português,53.0,2.6,38.7,31.4,Reprovado
236,Helena Mendes,3B,Matemática,55.1,56.4,95.7,69.1,Aprovado
237,Yago Barros,2B,Geografia,37.4,6.1,43.6,29.0,Reprovado
238,Marcos Barros,2A,Química,28.0,86.5,32.1,48.9,Recuperação
239,Vanessa Ribeiro,1B,Física,24.1,81.4,12.7,39.4,Reprovado
240,Natalia Barros,3A,Física,70.5,43.0,94.3,69.3,Aprovado
241,Ana Almeida,2A,Geografia,61.8,85.7,6.6,51.4,Recuperação
242,Marcos Ferreira,2A,História,56.4,57.2,78.9,64.2,Aprovado
243,Beatriz Pereira,2B,Geografia,56.0,42.0,69.7,55.9,Recuperação
244,Rafael Pereira,1B,Química,6.7,68.3,80.6,51.9,Recuperação
245,Otavio Freitas,1A,História,91.4,38.0,66.8,65.4,Aprovado
246,Gabriel Carvalho,2A,Geografia,89.1,96.1,73.7,86.3,Aprovado
247,Natalia Carvalho,1B,Física,58.7,92.6,96.0,82.4,Aprovado
248,Rafael Araújo,3B,Sociologia,91.1,77.5,94.8,87.8,Aprovado
249,Gabriel Carvalho,3B,Inglês,34.9,3.3,73.4,37.2,Reprovado
250,Daniela Carvalho,2A,Matemática,50.4,31.7,17.1,33.1,Reprovado
251,Kevin Pereira,1B,Português,58.2,32.0,6.8,32.3,Reprovado
252,Eduardo Freitas,2B,Matemática,22.0,82.1,87.7,63.9,Aprovado
253,Fernanda Costa,3B,História,8.2,20.4,17.1,15.2,Reprovado
254,Caio Oliveira,3B,Sociologia,47.1,65.0,95.5,69.2,Aprovado
255,Elias Barros,3A,Matemática,67.8,8.3,0.9,25.7,Reprovado
256,Bruno Costa,3B,Química,4.4,27.0,73.3,34.9,Reprovado
257,Otavio Souza,1A,Filosofia,53.9,67.7,17.1,46.2,Recuperação
258,Beatriz Nascimento,3A,Geografia,38.2,50.4,44.1,44.2,Recuperação
259,Fabiana Gomes,3B,Física,10.0,57.6,82.6,50.1,Recuperação
260,Carlos Almeida,3B,Geografia,4.2,3.7,25.4,11.1,Reprovado
261,Ana Rodrigues,3A,Filosofia,85.7,16.1,66.1,56.0,Recuperação
262,Gabriel Araújo,2B,Física,94.8,84.2,89.9,89.6,Aprovado
263,Ximena Oliveira,1A,Matemática,20.9,32.4,69.5,40.9,Recuperação
264,Carlos Ribeiro,3B,Química,72.8,1.5,20.8,31.7,Reprovado
265,Kevin Mendes,2B,Filosofia,8.4,1.0,96.9,35.4,Reprovado
266,Eduardo Carvalho,2B,História,86.7,25.5,67.8,60.0,Aprovado
267,Gabriel Rodrigues,1A,História,46.2,3.3,36.0,28.5,Reprovado
268,Fernanda Almeida,1A,Filosofia,63.9,7.3,8.7,26.6,Reprovado
269,Thiago Lima,1B,Química,46.0,92.9,8.7,49.2,Recuperação
270,Rafael Costa,3A,Matemática,32.6,94.6,11.8,46.3,Recuperação
271,Patricia Souza,2B,Sociologia,77.5,90.7,92.4,86.9,Aprovado
272,Helena Mendes,2A,História,23.8,82.4,72.4,59.5,Recuperação
273,Julia Ferreira,1A,Geografia,35.3,6.9,18.1,20.1,Reprovado
274,Sandra Araújo,3B,Filosofia,30.1,89.8,25.0,48.3,Recuperação
275,Gabriel Gomes,1B,Física,26.1,39.4,57.3,40.9,Recuperação
276,Daniela Santos,3B,Inglês,23.4,66.7,1.0,30.4,Reprovado
277,Natalia Pereira,1B,Sociologia,83.2,94.5,23.9,67.2,Aprovado
278,Rafael Araújo,3A,Geografia,23.3,79.9,26.2,43.1,Recuperação
279,Thiago Araújo,2B,Física,0.7,69.8,48.2,39.6,Reprovado
280,Marcos Oliveira,3A,Química,57.9,83.5,14.1,51.8,Recuperação
281,Eduardo Lima,3A,Física,97.9,49.7,49.8,65.8,Aprovado
282,Julia Souza,1B,Inglês,9.0,86.2,95.0,63.4,Aprovado
283,Caio Oliveira,3A,Inglês,1.7,33.2,5.5,13.5,Reprovado
284,Gabriel Silva,3A,História,42.5,93.0,29.1,54.9,Recuperação
285,Willian Ferreira,3B,Sociologia,36.4,52.1,27.2,38.6,Reprovado
286,Otavio Carvalho,1A,Geografia,8.7,25.2,64.1,32.7,Reprovado
287,Julia Lima,3A,Português,28.4,22.2,73.7,41.4,Recuperação
288,Eduardo Martins,3A,História,10.7,54.7,21.0,28.8,Reprovado
289,Vanessa Barros,2B,Matemática,98.7,56.0,38.0,64.2,Aprovado
290,Elias Araújo,1B,Química,28.1,89.1,4.5,40.6,Recuperação
291,Julia Alves,1A,Geografia,79.4,1.9,64.8,48.7,Recuperação
292,Caio Rodrigues,1B,Filosofia,38.9,19.5,93.6,50.7,Recuperação
293,Helena Alves,2B,História,80.8,69.3,80.7,76.9,Aprovado
294,Carlos Santos,1B,História,65.6,18.4,68.6,50.9,Recuperação
295,Rafael Carvalho,2A,Inglês,41.0,6.8,98.0,48.6,Recuperação
296,Elias Ribeiro,2A,Biologia,87.8,22.8,61.3,57.3,Recuperação
297,Marcos Silva,1B,Sociologia,10.4,52.4,36.8,33.2,Reprovado
298,Bruno Araújo,1B,Geografia,5.1,19.0,44.1,22.7,Reprovado
299,Fabiana Martins,2B,Geografia,36.1,14.4,5.6,18.7,Reprovado
300,Augusto Freitas,2B,História,82.4,11.4,95.0,62.9,Aprovado
301,Zara Silva,3B,Inglês,28.3,52.1,73.8,51.4,Recuperação
302,Augusto Almeida,2A,História,53.5,24.8,3.6,27.3,Reprovado
303,Elias Souza,2B,Sociologia,68.7,63.6,58.8,63.7,Aprovado
304,Willian Gomes,3A,Biologia,88.1,25.7,91.3,68.4,Aprovado
305,Beatriz Lima,1A,Química,31.3,91.6,16.6,46.5,Recuperação
306,Rafael Santos,2A,Português,84.6,70.8,54.0,69.8,Aprovado
307,Diana Costa,2B,Inglês,48.6,63.6,29.1,47.1,Recuperação
308,Yago Mendes,1A,História,9.0,67.2,32.4,36.2,Reprovado
309,Carlos Carvalho,3B,Matemática,23.3,90.6,70.5,61.5,Aprovado
310,Natalia Barros,1A,Matemática,30.3,90.4,38.9,53.2,Recuperação
311,Patricia Costa,1A,Inglês,26.6,79.1,74.1,59.9,Recuperação
312,Zara Pereira,1B,Biologia,59.4,68.0,69.2,65.5,Aprovado
313,Kevin Barros,1B,História,53.0,96.5,78.7,76.1,Aprovado
314,Beatriz Martins,1B,Biologia,79.8,21.9,95.2,65.6,Aprovado
315,Otavio Nascimento,2A,Geografia,12.9,16.1,91.5,40.2,Recuperação
316,Elias Ferreira,1A,Filosofia,11.3,46.4,83.8,47.2,Recuperação
317,Sandra Oliveira,1B,Inglês,87.2,37.1,69.5,64.6,Aprovado
318,Igor Nascimento,1A,Inglês,26.5,87.5,43.9,52.6,Recuperação
319,Fabiana Costa,2A,Geografia,54.2,31.9,51.9,46.0,Recuperação
320,Daniela Martins,2B,Física,33.6,32.3,25.2,30.4,Reprovado
321,Natalia Mendes,3B,Português,39.8,21.7,3.9,21.8,Reprovado
322,Sandra Nascimento,2A,Física,72.0,64.5,47.7,61.4,Aprovado
323,Vanessa Almeida,2A,Filosofia,54.4,50.8,72.8,59.3,Recuperação
324,Sandra Oliveira,2A,Sociologia,88.1,30.9,26.0,48.3,Recuperação
325,Willian Ribeiro,3A,Física,93.9,17.7,12.3,41.3,Recuperação
326,Elias Mendes,3A,Filosofia,90.3,5.4,24.6,40.1,Recuperação
327,Beatriz Almeida,1B,Filosofia,26.8,47.8,89.7,54.8,Recuperação
328,Natalia Gomes,3B,Filosofia,75.0,19.0,29.2,41.1,Recuperação
329,Daniela Martins,3B,Matemática,79.3,2.5,53.4,45.1,Recuperação
330,Eduardo Carvalho,1A,Português,12.2,79.0,76.2,55.8,Recuperação
331,Thiago Gomes,3A,Biologia,67.5,21.2,85.5,58.1,Recuperação
332,Carlos Alves,2A,História,42.0,42.9,3.6,29.5,Reprovado
333,Julia Barros,1A,Biologia,37.8,9.0,41.7,29.5,Reprovado
334,Zara Silva,1A,Sociologia,86.7,53.6,41.1,60.5,Aprovado
335,Elias Costa,2B,Inglês,56.1,20.0,53.3,43.1,Recuperação
336,Thiago Silva,1B,Sociologia,70.1,92.2,12.7,58.3,Recuperação
337,Ximena Freitas,3B,Filosofia,10.5,5.6,63.5,26.5,Reprovado
338,Daniela Gomes,2A,Inglês,36.6,54.8,36.7,42.7,Recuperação
339,Fabiana Barros,3A,Filosofia,61.4,26.5,98.0,62.0,Aprovado
340,Fabiana Oliveira,3A,Física,96.2,10.9,82.7,63.3,Aprovado
341,Diana Pereira,2A,Geografia,99.8,20.0,95.6,71.8,Aprovado
342,Marcos Pereira,1A,Filosofia,57.6,63.4,79.6,66.9,Aprovado
343,Igor Silva,3B,Geografia,30.9,41.0,66.5,46.1,Recuperação
344,Kevin Freitas,1A,Inglês,21.0,60.7,30.2,37.3,Reprovado
345,Julia Lima,2B,Filosofia,27.7,32.1,72.6,44.1,Recuperação
346,Kevin Santos,3A,Matemática,36.3,28.3,15.5,26.7,Reprovado
347,Larissa Rodrigues,1B,Sociologia,50.0,40.4,88.6,59.7,Recuperação
348,Larissa Mendes,2A,Química,3.3,22.8,66.9,31.0,Reprovado
349,Eduardo Nascimento,3B,Português,94.6,88.2,48.6,77.1,Aprovado
350,Otavio Martins,2A,Inglês,39.4,61.2,89.8,63.5,Aprovado
351,Rafael Costa,2B,Português,21.1,1.8,70.9,31.3,Reprovado
352,Zara Ferreira,2B,Geografia,13.7,87.1,52.9,51.2,Recuperação
353,Helena Santos,3A,Português,94.4,75.2,42.0,70.5,Aprovado
354,Elias Pereira,1B,Inglês,98.9,51.1,79.1,76.4,Aprovado
355,Marcos Araújo,2A,Português,81.6,81.8,67.4,76.9,Aprovado
356,Beatriz Santos,2B,Inglês,61.8,47.1,0.4,36.4,Reprovado
357,Daniela Ferreira,1B,Inglês,85.5,55.1,70.2,70.3,Aprovado
358,Ana Carvalho,3A,Geografia,13.5,99.3,65.8,59.5,Recuperação
359,Carlos Oliveira,1A,Geografia,90.9,74.0,2.8,55.9,Recuperação
360,Daniela Mendes,1B,Português,23.8,48.0,89.5,53.8,Recuperação
361,Marcos Oliveira,1B,Filosofia,87.5,92.7,40.1,73.4,Aprovado
362,Yago Lima,1A,Geografia,24.0,49.4,51.3,41.6,Recuperação
363,Thiago Ferreira,2B,Matemática,53.4,86.1,46.3,61.9,Aprovado
364,Rafael Silva,2A,Geografia,44.7,76.5,43.6,54.9,Recuperação
365,Larissa Rodrigues,1A,Biologia,27.4,96.9,62.7,62.3,Aprovado
366,Natalia Freitas,3A,Física,23.3,91.6,54.2,56.4,Recuperação
367,Carlos Almeida,3A,Geografia,7.0,43.7,22.8,24.5,Reprovado
368,Elias Carvalho,2B,Química,30.6,86.5,61.4,59.5,Recuperação
369,Ana Ribeiro,1B,Química,31.1,83.6,53.0,55.9,Recuperação
370,Caio Rodrigues,2B,Inglês,54.7,15.1,11.7,27.2,Reprovado
371,Igor Nascimento,3A,Química,86.5,26.4,90.5,67.8,Aprovado
372,Eduardo Gomes,1B,Sociologia,0.8,11.1,54.0,22.0,Reprovado
373,Elias Pereira,1B,Física,13.3,83.5,75.7,57.5,Recuperação
374,Marcos Araújo,3A,Inglês,65.3,94.5,51.2,70.3,Aprovado
375,Gabriel Alves,2B,Português,34.8,21.7,24.9,27.1,Reprovado
376,Igor Barros,1A,Filosofia,91.9,10.4,75.3,59.2,Recuperação
377,Otavio Silva,3A,Química,44.1,79.5,3.3,42.3,Recuperação
378,Julia Santos,2A,História,67.9,52.4,38.7,53.0,Recuperação
379,Gabriel Almeida,3B,Biologia,86.4,42.1,56.1,61.5,Aprovado
380,Larissa Araújo,3A,Sociologia,58.5,9.1,54.0,40.5,Recuperação
381,Fernanda Martins,2B,Química,41.7,65.2,9.5,38.8,Reprovado
382,Beatriz Ferreira,3A,Física,79.2,35.1,70.7,61.7,Aprovado
383,Patricia Costa,1A,História,63.3,82.2,9.9,51.8,Recuperação
384,Caio Souza,1A,História,33.5,97.8,38.6,56.6,Recuperação
385,Helena Nascimento,2B,Geografia,52.3,99.6,67.6,73.2,Aprovado
386,Vanessa Souza,3A,Filosofia,75.0,69.6,19.8,54.8,Recuperação
387,Bruno Nascimento,2A,Química,75.6,56.2,71.6,67.8,Aprovado
388,Willian Santos,2A,Português,0.6,24.4,44.5,23.2,Reprovado
389,Sandra Martins,3A,Filosofia,14.1,19.0,55.9,29.7,Reprovado
390,Fabiana Almeida,3A,Filosofia,50.3,33.2,65.7,49.7,Recuperação
391,Natalia Carvalho,2A,Português,57.7,25.8,95.9,59.8,Recuperação
392,Daniela Pereira,1A,Geografia,68.5,13.5,29.2,37.1,Reprovado
393,Kevin Pereira,3B,Sociologia,56.7,39.1,12.9,36.2,Reprovado
394,Sandra Alves,2A,Inglês,13.1,11.6,87.1,37.3,Reprovado
395,Rafael Lima,2B,Filosofia,76.4,20.7,7.6,34.9,Reprovado
396,Bruno Nascimento,3A,Química,40.4,63.5,78.6,60.8,Aprovado
397,Otavio Pereira,2A,História,19.2,24.3,85.1,42.9,Recuperação
398,Zara Barros,3A,Biologia,58.1,95.5,3.5,52.4,Recuperação
399,Eduardo Oliveira,3A,Matemática,24.8,71.4,13.1,36.4,Reprovado
400,Diana Silva,1A,Matemática,97.2,92.6,37.8,75.9,Aprovado
401,Rafael Silva,1B,Português,89.1,36.8,74.7,66.9,Aprovado
402,Elias Martins,3B,Física,18.7,25.5,37.1,27.1,Reprovado
403,Sandra Carvalho,1B,Inglês,56.2,99.3,63.8,73.1,Aprovado
404,Helena Gomes,2A,Geografia,0.2,44.6,87.3,44.0,Recuperação
405,Gabriel Lima,3B,Matemática,56.9,12.9,35.5,35.1,Reprovado
406,Vanessa Martins,2B,Português,57.7,9.0,70.6,45.8,Recuperação
407,Elias Pereira,1A,Química,46.7,63.8,47.7,52.7,Recuperação
408,Kevin Alves,1B,Biologia,50.2,94.6,99.4,81.4,Aprovado
409,Fabiana Freitas,3A,Biologia,62.6,23.8,62.8,49.7,Recuperação
410,Fabiana Martins,3B,Geografia,98.6,64.7,51.4,71.6,Aprovado
411,Eduardo Lima,1A,Física,58.0,21.8,53.3,44.4,Recuperação
412,Sandra Pereira,1A,Biologia,83.3,40.3,27.4,50.3,Recuperação
413,Natalia Araújo,2B,Geografia,28.2,36.2,63.9,42.8,Recuperação
414,Kevin Costa,2B,Filosofia,8.4,71.3,70.6,50.1,Recuperação
415,Helena Araújo,2A,Química,3.3,12.0,65.1,26.8,Reprovado
416,Sandra Almeida,3A,Inglês,20.6,72.4,33.1,42.0,Recuperação
417,Sandra Freitas,2B,Português,54.1,35.5,55.5,48.4,Recuperação
418,Daniela Oliveira,2B,Filosofia,96.6,86.6,78.8,87.3,Aprovado
419,Helena Ferreira,1A,Inglês,76.6,31.9,39.9,49.5,Recuperação
420,Helena Martins,3A,Geografia,60.7,11.2,86.6,52.8,Recuperação
421,Thiago Martins,1A,História,50.8,34.5,37.2,40.8,Recuperação
422,Gabriel Carvalho,3A,Biologia,88.8,51.8,77.8,72.8,Aprovado
423,Diana Almeida,3B,Química,48.6,2.9,92.3,47.9,Recuperação
424,Gabriel Alves,2A,Biologia,46.9,42.9,4.2,31.3,Reprovado
425,Augusto Barros,3A,Matemática,67.5,99.1,68.6,78.4,Aprovado
426,Otavio Ferreira,2A,Inglês,81.0,29.0,38.4,49.5,Recuperação
427,Rafael Ribeiro,1A,Física,8.5,52.1,54.3,38.3,Reprovado
428,Fabiana Oliveira,3B,Sociologia,9.1,60.8,20.1,30.0,Reprovado
429,Rafael Oliveira,3A,Português,20.2,65.9,5.8,30.6,Reprovado
430,Bruno Araújo,2B,Matemática,52.5,50.5,83.8,62.3,Aprovado
431,Marcos Gomes,1A,Inglês,70.7,55.5,86.9,71.0,Aprovado
432,Ximena Carvalho,1B,Inglês,59.0,8.6,80.7,49.4,Recuperação
433,Otavio Ferreira,3A,Inglês,11.5,12.9,55.1,26.5,Reprovado
434,Thiago Pereira,1A,Matemática,20.3,50.1,9.8,26.7,Reprovado
435,Beatriz Souza,1A,Física,79.7,69.8,98.1,82.5,Aprovado
436,Julia Santos,1A,Química,76.6,29.3,33.1,46.3,Recuperação
437,Larissa Ribeiro,3A,Biologia,78.9,7.0,29.8,38.6,Reprovado
438,Yago Martins,3A,Química,87.3,4.3,54.6,48.7,Recuperação
439,Elias Nascimento,3A,Filosofia,47.5,41.0,23.9,37.5,Reprovado
440,Marcos Mendes,1B,Inglês,33.2,66.3,61.2,53.6,Recuperação
441,Ana Almeida,2A,Física,39.4,42.3,40.8,40.8,Recuperação
442,Augusto Ribeiro,2A,Química,74.1,93.4,53.4,73.6,Aprovado
443,Rafael Ferreira,1A,Matemática,45.3,34.0,81.7,53.7,Recuperação
444,Eduardo Mendes,1A,Português,75.0,21.4,64.3,53.6,Recuperação
445,Carlos Carvalho,2B,Geografia,54.6,6.1,49.6,36.8,Reprovado
446,Augusto Pereira,1B,História,31.5,99.8,43.4,58.2,Recuperação
447,Fernanda Silva,3A,Sociologia,99.8,30.3,48.1,59.4,Recuperação
448,Fabiana Barros,1B,Sociologia,39.6,27.6,66.2,44.5,Recuperação
449,Daniela Carvalho,1B,Matemática,70.0,11.8,42.0,41.3,Recuperação
450,Zara Oliveira,3A,Inglês,23.3,20.0,79.9,41.1,Recuperação
451,Julia Souza,3A,Geografia,22.2,91.6,85.0,66.3,Aprovado
452,Ana Oliveira,2B,Química,47.3,87.1,29.2,54.5,Recuperação
453,Patricia Rodrigues,3B,Filosofia,34.3,93.1,96.5,74.6,Aprovado
454,Augusto Ferreira,1A,Português,23.1,85.1,19.4,42.5,Recuperação
455,Vanessa Santos,2A,Geografia,90.3,43.6,12.5,48.8,Recuperação
456,Marcos Ferreira,2A,Química,58.3,95.3,72.3,75.3,Aprovado
457,Sandra Mendes,2A,Sociologia,0.6,82.2,9.3,30.7,Reprovado
458,Marcos Lima,3B,Matemática,17.2,75.0,62.9,51.7,Recuperação
459,Thiago Pereira,2A,Filosofia,58.3,59.5,56.2,58.0,Recuperação
460,Otavio Pereira,3A,História,6.2,85.7,59.5,50.5,Recuperação
461,Augusto Araújo,2A,Sociologia,8.5,18.5,37.9,21.6,Reprovado
462,Marcos Pereira,1B,Física,8.4,20.2,76.2,34.9,Reprovado
463,Augusto Ribeiro,3B,Matemática,27.6,81.6,83.9,64.4,Aprovado
464,Julia Martins,1A,Química,13.7,55.8,39.6,36.4,Reprovado
465,Ana Souza,1B,Geografia,12.5,19.3,71.0,34.3,Reprovado
466,Julia Oliveira,3B,Inglês,40.3,8.8,61.9,37.0,Reprovado
467,Beatriz Araújo,3A,História,56.0,53.0,61.2,56.7,Recuperação
468,Rafael Pereira,2A,Biologia,89.1,10.8,36.9,45.6,Recuperação
469,Augusto Silva,3B,Sociologia,87.4,8.2,2.9,32.8,Reprovado
470,Willian Mendes,3B,Física,5.6,2.1,5.9,4.5,Reprovado
471,Ana Ferreira,2A,Física,43.3,97.6,15.2,52.0,Recuperação
472,Sandra Costa,2A,Filosofia,84.0,25.5,71.4,60.3,Aprovado
473,Diana Freitas,2A,Português,77.1,37.0,23.6,45.9,Recuperação
474,Patricia Gomes,2A,Sociologia,89.5,19.8,56.3,55.2,Recuperação
475,Zara Alves,2A,Sociologia,75.9,20.8,47.2,48.0,Recuperação
476,Beatriz Ferreira,1A,História,14.2,67.6,92.7,58.2,Recuperação
477,Fernanda Martins,1A,Biologia,37.1,4.8,63.8,35.2,Reprovado
478,Helena Gomes,3A,Física,52.6,19.1,24.8,32.2,Reprovado
479,Gabriel Martins,2B,Português,41.0,7.4,31.0,26.5,Reprovado
480,Beatriz Rodrigues,1B,Inglês,63.8,9.1,52.1,41.7,Recuperação
481,Augusto Silva,2B,Biologia,50.0,2.8,91.0,47.9,Recuperação
482,Ximena Barros,1B,Física,98.8,85.1,6.3,63.4,Aprovado
483,Daniela Araújo,3A,Sociologia,31.0,87.1,39.5,52.5,Recuperação
484,Marcos Santos,1A,Sociologia,37.7,92.0,98.8,76.2,Aprovado
485,Patricia Nascimento,2B,Geografia,0.4,87.2,64.2,50.6,Recuperação
486,Yago Ribeiro,2B,Sociologia,33.5,34.8,47.4,38.6,Reprovado
487,Caio Martins,1B,Matemática,72.6,56.4,12.2,47.1,Recuperação
488,Rafael Nascimento,1A,História,49.9,41.2,13.6,34.9,Reprovado
489,Fernanda Barros,1B,Sociologia,82.9,26.2,29.0,46.0,Recuperação
490,Daniela Pereira,1A,Sociologia,28.5,91.1,61.5,60.4,Aprovado
491,Patricia Silva,3B,Química,84.4,28.0,47.4,53.3,Recuperação
492,Thiago Almeida,3A,Matemática,6.2,12.3,40.0,19.5,Reprovado
493,Patricia Mendes,2B,História,67.1,56.7,95.3,73.0,Aprovado
494,Augusto Araújo,3A,Matemática,79.6,43.3,97.8,73.6,Aprovado
495,Marcos Almeida,2B,História,33.3,34.1,90.6,52.7,Recuperação
496,Ana Mendes,2A,Química,52.4,90.0,7.9,50.1,Recuperação
497,Sandra Oliveira,1A,Filosofia,98.7,55.6,23.0,59.1,Recuperação
498,Gabriel Almeida,2B,Inglês,45.3,47.0,73.3,55.2,Recuperação
499,Daniela Ferreira,2B,Português,49.7,97.8,54.0,67.2,Aprovado
500,Augusto Nascimento,2B,Matemática,62.1,82.2,78.1,74.1,Aprovado
501,Willian Freitas,1A,Matemática,44.1,21.9,44.7,36.9,Reprovado
502,Igor Nascimento,3A,Inglês,55.0,83.8,70.6,69.8,Aprovado
503,Caio Mendes,1A,Biologia,29.9,61.4,19.6,37.0,Reprovado
504,Gabriel Silva,2B,Química,46.1,82.7,62.9,63.9,Aprovado
505,Rafael Costa,1A,Física,21.4,78.4,20.8,40.2,Recuperação
506,Ximena Almeida,3A,Geografia,84.6,31.0,89.0,68.2,Aprovado
507,Kevin Ribeiro,3A,Geografia,46.3,44.6,76.2,55.7,Recuperação
508,Caio Carvalho,2B,Filosofia,48.6,17.7,7.8,24.7,Reprovado
509,Bruno Martins,1B,Biologia,70.3,45.4,30.9,48.9,Recuperação
510,Igor Ferreira,1A,História,31.0,66.6,91.9,63.2,Aprovado
511,Patricia Costa,3A,Física,44.1,42.1,11.1,32.4,Reprovado
512,Vanessa Lima,2B,Biologia,97.5,0.6,46.2,48.1,Recuperação
513,Helena Martins,3B,Inglês,40.2,60.7,94.9,65.3,Aprovado
514,Kevin Lima,2A,Filosofia,28.3,22.2,37.3,29.3,Reprovado
515,Natalia Nascimento,3A,Geografia,52.9,42.3,44.7,46.6,Recuperação
516,Natalia Gomes,1A,Física,43.2,87.2,93.1,74.5,Aprovado
517,Sandra Mendes,2A,Sociologia,21.0,48.3,84.6,51.3,Recuperação
518,Fernanda Alves,2A,Português,21.8,54.9,14.5,30.4,Reprovado
519,Gabriel Rodrigues,1A,Biologia,24.9,65.8,0.6,30.4,Reprovado
520,Ximena Martins,3B,Geografia,63.6,64.6,88.5,72.2,Aprovado
521,Julia Rodrigues,1A,Sociologia,3.1,63.4,89.6,52.0,Recuperação
522,Fabiana Barros,2A,Geografia,26.8,26.0,76.2,43.0,Recuperação
523,Vanessa Martins,3A,Física,99.3,11.6,89.8,66.9,Aprovado
524,Daniela Freitas,1A,Matemática,47.8,66.8,89.0,67.9,Aprovado
525,Otavio Mendes,1B,Inglês,27.4,15.2,1.5,14.7,Reprovado
526,Igor Nascimento,3B,Filosofia,77.5,56.3,92.2,75.3,Aprovado
527,Bruno Mendes,2B,Matemática,87.2,56.2,62.1,68.5,Aprovado
528,Beatriz Santos,2A,Sociologia,1.6,29.2,43.7,24.8,Reprovado
529,Helena Ribeiro,3B,Biologia,57.6,54.5,13.0,41.7,Recuperação
530,Diana Silva,3A,Filosofia,44.6,64.7,66.1,58.5,Recuperação
531,Igor Freitas,3A,Química,3.9,2.8,67.2,24.6,Reprovado
532,Julia Gomes,3A,Inglês,58.9,2.3,22.9,28.0,Reprovado
533,Thiago Freitas,2B,Química,92.5,84.7,30.2,69.1,Aprovado
534,Yago Costa,1B,Português,47.8,55.3,62.6,55.2,Recuperação
535,Beatriz Barros,2A,Química,78.2,76.0,66.7,73.6,Aprovado
536,Elias Carvalho,3B,Química,12.2,39.7,86.9,46.3,Recuperação
537,Willian Ferreira,3A,Inglês,45.2,48.1,94.1,62.5,Aprovado
538,Bruno Nascimento,3B,Inglês,22.0,78.0,37.1,45.7,Recuperação
539,Carlos Alves,3B,Português,52.1,61.0,78.4,63.8,Aprovado
540,Larissa Lima,1B,Física,18.4,21.1,20.3,19.9,Reprovado
541,Kevin Santos,3A,Química,59.5,48.5,61.8,56.6,Recuperação
542,Gabriel Ribeiro,1A,Física,2.6,79.8,51.3,44.6,Recuperação
543,Kevin Lima,1A,Matemática,62.2,72.2,18.2,50.9,Recuperação
544,Diana Mendes,1A,Matemática,11.4,8.3,81.6,33.8,Reprovado
545,Larissa Santos,1B,Sociologia,79.0,85.7,31.1,65.3,Aprovado
546,Patricia Freitas,1B,Sociologia,90.0,60.7,45.7,65.5,Aprovado
547,Yago Rodrigues,3B,Inglês,20.3,76.0,50.9,49.1,Recuperação
548,Otavio Rodrigues,3B,Inglês,92.1,38.8,70.6,67.2,Aprovado
549,Augusto Souza,1A,Química,73.4,99.9,26.2,66.5,Aprovado
550,Bruno Souza,2B,Português,62.0,62.5,16.8,47.1,Recuperação
551,Patricia Carvalho,3A,Matemática,95.6,9.5,23.8,43.0,Recuperação
552,Elias Martins,3B,Inglês,13.5,93.3,88.6,65.1,Aprovado
553,Diana Oliveira,1A,Sociologia,9.1,34.9,82.6,42.2,Recuperação
554,Ximena Lima,2B,Sociologia,69.8,6.9,57.0,44.6,Recuperação
555,Willian Santos,3B,Português,65.9,81.0,60.0,69.0,Aprovado
556,Carlos Silva,3A,Biologia,80.7,46.6,26.6,51.3,Recuperação
557,Ana Santos,2A,Biologia,51.2,50.5,83.2,61.6,Aprovado
558,Kevin Souza,2A,Química,81.8,97.7,42.2,73.9,Aprovado
559,Otavio Ferreira,2A,Português,64.8,19.7,51.6,45.4,Recuperação
560,Julia Santos,3B,Português,85.9,99.1,67.2,84.1,Aprovado
561,Ximena Nascimento,2A,Geografia,8.2,90.2,42.6,47.0,Recuperação
562,Diana Alves,2A,Sociologia,8.0,83.4,33.0,41.5,Recuperação
563,Igor Lima,2A,Química,65.7,98.4,29.4,64.5,Aprovado
564,Ximena Carvalho,1B,História,20.8,95.9,34.0,50.2,Recuperação
565,Daniela Martins,2B,Química,33.1,67.3,62.5,54.3,Recuperação
566,Willian Alves,1B,Matemática,14.9,21.1,31.7,22.6,Reprovado
567,Daniela Lima,3A,Português,97.4,74.5,41.4,71.1,Aprovado
568,Larissa Ribeiro,3B,Química,78.1,17.5,8.4,34.7,Reprovado
569,Natalia Silva,3A,Filosofia,86.6,31.0,31.4,49.7,Recuperação
570,Patricia Santos,2A,Filosofia,5.5,56.0,47.5,36.3,Reprovado
571,Eduardo Santos,2B,Inglês,18.0,34.1,1.8,18.0,Reprovado
572,Yago Ferreira,3A,Sociologia,39.6,66.0,82.4,62.7,Aprovado
573,Larissa Ribeiro,3B,Química,81.4,23.4,96.5,67.1,Aprovado
574,Fernanda Barros,3A,Geografia,31.5,74.2,90.6,65.4,Aprovado
575,Fernanda Carvalho,2B,História,12.4,55.1,30.7,32.7,Reprovado
576,Otavio Oliveira,3A,Sociologia,25.5,8.6,8.3,14.1,Reprovado
577,Caio Gomes,3A,Geografia,67.1,92.4,56.7,72.1,Aprovado
578,Zara Souza,3A,Geografia,27.4,91.4,94.3,71.0,Aprovado
579,Patricia Martins,3B,Física,39.4,84.8,81.6,68.6,Aprovado
580,Kevin Silva,2B,Inglês,78.0,29.2,29.5,45.6,Recuperação
581,Daniela Oliveira,2A,Sociologia,79.4,18.2,38.2,45.3,Recuperação
582,Daniela Ribeiro,2A,Física,0.7,41.9,34.9,25.8,Reprovado
583,Gabriel Lima,1A,Matemática,54.9,17.3,54.1,42.1,Recuperação
584,Vanessa Gomes,2B,Biologia,12.7,18.0,56.1,28.9,Reprovado
585,Helena Lima,1A,Biologia,25.0,71.9,40.9,45.9,Recuperação
586,Bruno Oliveira,2B,Química,30.1,44.1,33.1,35.8,Reprovado
587,Diana Santos,1A,Sociologia,71.4,13.9,18.4,34.6,Reprovado
588,Willian Almeida,3A,Geografia,0.3,39.5,31.8,23.9,Reprovado
589,Beatriz Freitas,3A,Sociologia,95.7,5.7,93.6,65.0,Aprovado
590,Julia Martins,3B,Filosofia,80.1,88.0,78.3,82.1,Aprovado
591,Patricia Martins,2A,Português,50.1,39.9,2.9,31.0,Reprovado
592,Natalia Alves,3A,História,46.7,65.2,33.3,48.4,Recuperação
593,Sandra Carvalho,1B,Matemática,61.0,16.1,26.9,34.7,Reprovado
594,Caio Santos,3A,Biologia,10.6,3.9,22.2,12.2,Reprovado
595,Zara Araújo,3B,Inglês,70.7,14.0,87.8,57.5,Recuperação
596,Elias Costa,2B,Filosofia,77.0,36.5,88.8,67.4,Aprovado
597,Elias Silva,1B,Inglês,7.2,58.2,27.9,31.1,Reprovado
598,Daniela Alves,1B,Inglês,30.9,20.3,54.9,35.4,Reprovado
599,Fernanda Silva,3A,Inglês,63.5,62.0,61.9,62.5,Aprovado
600,Fabiana Nascimento,3A,Física,36.5,84.4,80.7,67.2,Aprovado
601,Igor Ferreira,3B,Biologia,81.7,21.8,28.4,44.0,Recuperação
602,Fernanda Nascimento,1B,Sociologia,36.9,78.1,82.0,65.7,Aprovado
603,Julia Araújo,1A,Sociologia,92.7,31.4,51.8,58.6,Recuperação
604,Sandra Santos,1B,Sociologia,78.5,62.9,31.7,57.7,Recuperação
605,Willian Carvalho,3A,Português,10.8,71.5,81.0,54.4,Recuperação
606,Elias Ribeiro,3B,Matemática,32.0,64.7,56.3,51.0,Recuperação
607,Beatriz Carvalho,1B,Sociologia,75.8,21.8,26.1,41.2,Recuperação
608,Igor Nascimento,2B,Biologia,2.6,27.5,35.9,22.0,Reprovado
609,Bruno Oliveira,2A,Português,46.3,43.0,94.4,61.2,Aprovado
610,Fabiana Almeida,3A,Química,87.0,74.8,49.8,70.5,Aprovado
611,Helena Rodrigues,2A,Física,64.6,60.6,56.5,60.6,Aprovado
612,Kevin Barros,1A,Matemática,25.8,6.1,12.6,14.8,Reprovado
613,Caio Rodrigues,3B,Física,98.9,40.5,22.3,53.9,Recuperação
614,Vanessa Araújo,2B,Geografia,48.8,96.5,1.1,48.8,Recuperação
615,Caio Santos,2A,Português,81.5,50.0,84.7,72.1,Aprovado
616,Caio Nascimento,2A,Matemática,83.6,41.0,69.9,64.8,Aprovado
617,Willian Nascimento,3B,Biologia,73.7,43.3,6.3,41.1,Recuperação
618,Natalia Ferreira,2B,Química,25.5,75.6,56.5,52.5,Recuperação
619,Daniela Souza,3A,Filosofia,25.9,82.5,82.7,63.7,Aprovado
620,Julia Ribeiro,3A,Inglês,51.2,81.7,85.4,72.8,Aprovado
621,Yago Costa,1B,Biologia,33.6,29.5,19.9,27.7,Reprovado
622,Beatriz Freitas,2B,Matemática,63.9,20.8,97.8,60.8,Aprovado
623,Zara Martins,1A,Filosofia,1.4,96.5,36.4,44.8,Recuperação
624,Fernanda Freitas,2B,Inglês,31.9,32.4,49.1,37.8,Reprovado
625,Beatriz Ribeiro,1B,Filosofia,68.8,78.8,40.1,62.6,Aprovado
626,Willian Lima,1A,História,46.6,5.5,7.5,19.9,Reprovado
627,Gabriel Souza,3B,Química,78.0,76.8,64.6,73.1,Aprovado
628,Fernanda Araújo,2B,Sociologia,79.6,62.1,83.3,75.0,Aprovado
629,Diana Alves,3B,Inglês,83.9,6.2,26.7,38.9,Reprovado
630,Thiago Gomes,1B,História,59.0,7.1,76.9,47.7,Recuperação
631,Eduardo Alves,2B,Física,64.1,65.4,2.1,43.9,Recuperação
632,Marcos Ribeiro,2A,Geografia,59.0,35.2,74.4,56.2,Recuperação
633,Bruno Rodrigues,3A,História,23.4,19.3,18.1,20.3,Reprovado
634,Marcos Lima,3A,Química,94.1,40.4,20.5,51.7,Recuperação
635,Otavio Silva,3A,Matemática,44.0,14.8,20.5,26.4,Reprovado
636,Rafael Pereira,1B,Química,17.5,95.3,8.4,40.4,Recuperação
637,Igor Barros,2A,Português,25.8,74.6,59.6,53.3,Recuperação
638,Vanessa Lima,3A,Matemática,66.8,52.2,76.0,65.0,Aprovado
639,Bruno Silva,3B,Português,17.7,16.2,24.6,19.5,Reprovado
640,Marcos Alves,2B,Filosofia,2.3,37.3,28.4,22.7,Reprovado
641,Caio Oliveira,1A,Química,59.9,4.3,48.5,37.6,Reprovado
642,Thiago Lima,3B,Sociologia,67.7,20.5,95.0,61.1,Aprovado
643,Otavio Oliveira,3B,Geografia,24.9,31.1,52.2,36.1,Reprovado
644,Ximena Souza,1B,Filosofia,92.5,74.8,67.6,78.3,Aprovado
645,Vanessa Silva,3B,Inglês,43.1,1.9,13.7,19.6,Reprovado
646,Vanessa Nascimento,1B,Inglês,83.5,5.8,7.5,32.3,Reprovado
647,Rafael Silva,1A,História,12.3,86.6,96.1,65.0,Aprovado
648,Marcos Gomes,2B,Sociologia,2.8,73.0,54.9,43.6,Recuperação
649,Zara Almeida,2B,História,66.3,80.8,63.0,70.0,Aprovado
650,Julia Mendes,1A,Física,41.6,81.4,35.0,52.7,Recuperação
651,Eduardo Alves,3B,Geografia,69.5,93.6,64.0,75.7,Aprovado
652,Elias Freitas,1B,Geografia,67.2,54.4,4.7,42.1,Recuperação
653,Caio Almeida,1B,Física,98.7,39.5,74.7,71.0,Aprovado
654,Natalia Oliveira,3A,Sociologia,34.6,13.7,11.2,19.8,Reprovado
655,Beatriz Oliveira,1A,Português,99.0,57.7,1.5,52.7,Recuperação
656,Beatriz Almeida,1A,Geografia,69.1,75.5,87.1,77.2,Aprovado
657,Helena Rodrigues,2B,Geografia,96.8,61.1,43.5,67.1,Aprovado
658,Otavio Lima,2B,Português,64.4,31.2,60.8,52.1,Recuperação
659,Ana Rodrigues,2A,História,87.0,37.4,44.2,56.2,Recuperação
660,Zara Barros,1A,História,16.6,95.0,43.5,51.7,Recuperação
661,Carlos Gomes,3B,Geografia,72.8,7.1,4.8,28.2,Reprovado
662,Julia Martins,1B,Geografia,9.4,59.5,74.4,47.8,Recuperação
663,Natalia Costa,3A,Sociologia,10.0,79.6,18.9,36.2,Reprovado
664,Igor Rodrigues,3A,Português,29.4,31.8,73.7,45.0,Recuperação
665,Patricia Gomes,1B,Filosofia,31.8,89.9,56.8,59.5,Recuperação
666,Ximena Araújo,3B,Biologia,23.1,87.3,34.5,48.3,Recuperação
667,Rafael Pereira,3B,Química,35.4,68.6,99.0,67.7,Aprovado
668,Diana Pereira,3A,Matemática,59.8,17.0,52.7,43.2,Recuperação
669,Zara Nascimento,1B,História,40.5,65.6,1.8,36.0,Reprovado
670,Augusto Pereira,1A,Física,10.7,7.7,75.8,31.4,Reprovado
671,Elias Almeida,3B,Física,39.9,3.8,97.0,46.9,Recuperação
672,Otavio Freitas,3A,Sociologia,60.1,94.1,89.5,81.2,Aprovado
673,Patricia Barros,2B,Sociologia,18.1,51.9,93.0,54.3,Recuperação
674,Daniela Nascimento,3A,Geografia,48.1,68.9,98.5,71.8,Aprovado
675,Otavio Rodrigues,1B,Química,44.9,65.5,18.9,43.1,Recuperação
676,Diana Souza,2A,Física,64.9,25.1,78.2,56.1,Recuperação
677,Ximena Gomes,1B,Física,74.5,97.1,3.7,58.4,Recuperação
678,Ximena Gomes,2B,Filosofia,61.2,92.3,91.3,81.6,Aprovado
679,Fernanda Mendes,3A,Física,95.0,80.1,17.5,64.2,Aprovado
680,Zara Pereira,1A,Geografia,71.8,61.4,75.9,69.7,Aprovado
681,Gabriel Ribeiro,1B,Filosofia,92.6,52.8,49.9,65.1,Aprovado
682,Kevin Araújo,3B,Matemática,37.1,83.7,79.1,66.6,Aprovado
683,Ana Ribeiro,2B,Filosofia,9.1,43.0,15.2,22.4,Reprovado
684,Augusto Carvalho,1B,Química,47.0,82.7,82.3,70.7,Aprovado
685,Ana Souza,2A,Português,65.4,50.5,5.4,40.4,Recuperação
686,Diana Carvalho,2A,Física,74.1,94.1,99.0,89.1,Aprovado
687,Fabiana Almeida,1B,Português,64.6,67.0,76.7,69.4,Aprovado
688,Beatriz Lima,2B,História,2.8,91.5,17.9,37.4,Reprovado
689,Fabiana Costa,3A,Biologia,99.5,95.6,85.4,93.5,Aprovado
690,Helena Silva,1B,Inglês,52.8,80.1,79.4,70.8,Aprovado
691,Eduardo Martins,3A,Português,61.9,27.7,28.1,39.2,Reprovado
692,Julia Araújo,2A,Biologia,25.8,83.7,48.4,52.6,Recuperação
693,Rafael Costa,2A,Filosofia,52.3,10.4,89.2,50.6,Recuperação
694,Ximena Martins,2B,Filosofia,36.0,82.0,11.8,43.3,Recuperação
695,Bruno Silva,2A,Química,85.9,37.4,72.8,65.4,Aprovado
696,Fernanda Costa,1A,Geografia,17.2,47.8,45.1,36.7,Reprovado
697,Carlos Souza,3B,Matemática,54.7,7.5,43.2,35.1,Reprovado
698,Natalia Mendes,3B,Sociologia,65.6,51.3,11.0,42.6,Recuperação
699,Otavio Lima,1B,História,31.8,60.3,90.6,60.9,Aprovado
700,Bruno Almeida,3A,Biologia,27.5,47.1,78.1,50.9,Recuperação
701,Igor Silva,1B,Química,95.7,39.4,28.7,54.6,Recuperação
702,Thiago Gomes,1A,Física,46.8,26.9,73.3,49.0,Recuperação
703,Sandra Rodrigues,1B,Matemática,83.3,58.6,80.0,74.0,Aprovado
704,Vanessa Mendes,1B,Física,25.2,17.4,84.0,42.2,Recuperação
705,Willian Nascimento,3B,Português,90.1,7.7,0.1,32.6,Reprovado
706,Fernanda Lima,1B,Português,40.1,70.3,19.6,43.3,Recuperação
707,Ximena Costa,3B,História,67.5,73.8,94.2,78.5,Aprovado
708,Bruno Santos,1A,Filosofia,15.0,60.4,13.2,29.5,Reprovado
709,Fernanda Barros,1B,Física,82.6,31.0,89.8,67.8,Aprovado
710,Ximena Carvalho,1B,Matemática,53.3,29.2,95.9,59.5,Recuperação
711,Thiago Costa,1A,Inglês,45.7,91.3,90.2,75.7,Aprovado
712,Caio Santos,1A,Matemática,98.4,99.6,63.5,87.2,Aprovado
713,Otavio Costa,3B,Inglês,90.8,65.5,99.7,85.3,Aprovado
714,Vanessa Santos,2B,Sociologia,62.3,57.7,17.8,45.9,Recuperação
715,Rafael Alves,1B,Física,95.1,7.3,11.2,37.9,Reprovado
716,Caio Silva,2A,História,56.0,31.8,72.5,53.4,Recuperação
717,Larissa Mendes,1A,Física,75.5,34.2,34.6,48.1,Recuperação
718,Marcos Silva,3A,Português,43.0,56.6,49.4,49.7,Recuperação
719,Thiago Ribeiro,1B,Química,45.4,46.7,75.2,55.8,Recuperação
720,Zara Pereira,3B,Geografia,89.4,38.7,54.6,60.9,Aprovado
721,Augusto Almeida,1A,Matemática,84.6,87.0,3.4,58.3,Recuperação
722,Ana Mendes,1B,Inglês,85.8,88.2,93.8,89.3,Aprovado
723,Julia Ferreira,2A,Biologia,15.8,89.7,52.4,52.6,Recuperação
724,Fabiana Pereira,3B,História,2.5,92.6,5.9,33.7,Reprovado
725,Yago Souza,3A,Matemática,37.5,40.6,79.7,52.6,Recuperação
726,Elias Lima,3A,Física,41.9,22.8,57.0,40.6,Recuperação
727,Igor Souza,3A,Matemática,68.6,83.7,42.6,65.0,Aprovado
728,Sandra Barros,1A,Filosofia,19.8,25.7,4.5,16.7,Reprovado
729,Larissa Martins,1B,Biologia,75.7,91.6,46.4,71.2,Aprovado
730,Patricia Martins,3B,Química,61.3,27.8,33.5,40.9,Recuperação
731,Diana Almeida,3B,Matemática,47.4,56.7,95.1,66.4,Aprovado
732,Thiago Rodrigues,1A,Inglês,67.3,38.4,36.4,47.4,Recuperação
733,Willian Freitas,1B,Geografia,80.9,33.9,98.9,71.2,Aprovado
734,Yago Oliveira,2B,Matemática,79.8,65.3,17.0,54.0,Recuperação
735,Ana Barros,1A,Química,11.4,16.8,89.8,39.3,Reprovado
736,Vanessa Carvalho,3A,Sociologia,2.8,21.8,65.4,30.0,Reprovado
737,Helena Santos,3B,Química,17.9,53.6,97.6,56.4,Recuperação
738,Daniela Oliveira,2B,Filosofia,48.8,38.8,15.0,34.2,Reprovado
739,Ana Alves,2B,Português,72.5,11.3,89.5,57.8,Recuperação
740,Zara Araújo,1A,História,58.4,41.9,67.7,56.0,Recuperação
741,Igor Silva,2A,Filosofia,9.2,65.5,77.4,50.7,Recuperação
742,Ximena Santos,3B,Português,82.8,96.8,36.3,72.0,Aprovado
743,Kevin Rodrigues,1B,Filosofia,69.4,7.5,89.9,55.6,Recuperação
744,Otavio Martins,1A,Matemática,55.7,11.0,29.8,32.2,Reprovado
745,Rafael Rodrigues,1B,Sociologia,34.9,5.5,42.8,27.7,Reprovado
746,Ana Martins,1A,Matemática,75.1,42.7,13.0,43.6,Recuperação
747,Zara Freitas,2A,Português,35.6,26.9,37.1,33.2,Reprovado
748,Igor Almeida,2B,Português,20.1,92.5,38.5,50.4,Recuperação
749,Kevin Costa,2B,Geografia,46.7,76.7,21.9,48.4,Recuperação
750,Carlos Silva,3B,Português,20.4,58.3,70.0,49.6,Recuperação
751,Zara Lima,2B,História,30.9,88.9,56.7,58.8,Recuperação
752,Helena Ribeiro,1B,Física,67.9,26.1,72.9,55.6,Recuperação
753,Fernanda Ferreira,1A,Português,56.6,55.9,25.7,46.1,Recuperação
754,Julia Nascimento,3A,Geografia,2.3,96.1,8.3,35.6,Reprovado
755,Fernanda Gomes,1A,Geografia,58.2,30.3,98.7,62.4,Aprovado
756,Carlos Santos,2B,Sociologia,23.6,81.4,58.0,54.3,Recuperação
757,Gabriel Carvalho,1B,História,77.7,17.7,2.3,32.6,Reprovado
758,Daniela Alves,3B,Química,64.8,95.9,24.8,61.8,Aprovado
759,Daniela Carvalho,3B,Física,99.2,97.1,25.9,74.1,Aprovado
760,Diana Almeida,1A,Português,40.6,84.9,19.4,48.3,Recuperação
761,Diana Silva,3B,História,20.2,34.8,22.9,26.0,Reprovado
762,Caio Souza,2B,Química,78.6,58.7,76.5,71.3,Aprovado
763,Helena Almeida,1B,Português,0.9,17.0,32.6,16.8,Reprovado
764,Ximena Alves,3A,História,79.2,92.9,71.4,81.2,Aprovado
765,Fernanda Rodrigues,3A,Português,49.4,42.8,41.6,44.6,Recuperação
766,Gabriel Freitas,3A,Português,69.1,82.9,31.2,61.1,Aprovado
767,Marcos Santos,3A,História,45.0,3.5,66.1,38.2,Reprovado
768,Beatriz Almeida,3B,Geografia,63.9,88.7,13.7,55.4,Recuperação
769,Vanessa Gomes,2B,Sociologia,33.7,91.2,55.0,60.0,Aprovado
770,Thiago Oliveira,1B,Biologia,28.8,16.7,24.6,23.4,Reprovado
771,Fabiana Santos,1A,Sociologia,81.2,74.8,16.0,57.3,Recuperação
772,Julia Gomes,2B,Biologia,51.5,47.4,7.4,35.4,Reprovado
773,Ximena Mendes,2B,Biologia,27.8,42.1,2.0,24.0,Reprovado
774,Augusto Araújo,1A,Português,47.3,28.4,15.9,30.5,Reprovado
775,Augusto Ribeiro,2A,Sociologia,28.0,0.8,82.3,37.0,Reprovado
776,Rafael Santos,2A,Português,69.8,14.1,5.1,29.7,Reprovado
777,Ana Ribeiro,2A,Biologia,21.8,68.7,33.0,41.2,Recuperação
778,Ana Silva,3B,Sociologia,55.7,65.5,20.4,47.2,Recuperação
779,Fabiana Araújo,3B,Biologia,20.9,62.2,91.3,58.1,Recuperação
780,Gabriel Silva,2B,Inglês,40.5,35.1,70.4,48.7,Recuperação
781,Daniela Alves,2B,História,98.4,54.1,24.6,59.0,Recuperação
782,Kevin Freitas,2B,Sociologia,92.0,52.5,82.4,75.6,Aprovado
783,Kevin Araújo,3B,Física,88.3,33.1,44.5,55.3,Recuperação
784,Willian Gomes,3A,Sociologia,72.2,81.3,41.0,64.8,Aprovado
785,Beatriz Rodrigues,2A,História,44.5,35.3,22.4,34.1,Reprovado
786,Igor Gomes,1A,História,85.6,93.7,62.8,80.7,Aprovado
787,Gabriel Gomes,3A,Geografia,47.1,26.2,28.5,33.9,Reprovado
788,Caio Ribeiro,3B,Português,38.0,28.6,97.6,54.7,Recuperação
789,Daniela Nascimento,1A,Português,97.1,54.0,81.9,77.7,Aprovado
790,Sandra Alves,3A,Sociologia,51.7,70.5,34.4,52.2,Recuperação
791,Sandra Oliveira,1B,História,34.9,25.2,22.9,27.7,Reprovado
792,Natalia Costa,1A,História,40.3,29.0,62.9,44.1,Recuperação
793,Caio Pereira,1B,Português,23.4,68.9,26.5,39.6,Reprovado
794,Carlos Nascimento,3A,Química,1.5,38.9,18.6,19.7,Reprovado
795,Marcos Costa,1B,Inglês,79.4,96.3,28.4,68.0,Aprovado
796,Fabiana Mendes,1A,Português,81.9,57.5,46.8,62.1,Aprovado
797,Rafael Gomes,3B,Biologia,95.3,31.3,25.1,50.6,Recuperação
798,Caio Gomes,1A,Filosofia,94.6,92.1,23.2,70.0,Aprovado
799,Elias Costa,2B,Biologia,14.4,38.8,45.4,32.9,Reprovado
800,Diana Rodrigues,1A,Biologia,73.8,28.2,81.9,61.3,Aprovado
801,Julia Carvalho,3A,Matemática,66.8,24.2,98.3,63.1,Aprovado
802,Fabiana Rodrigues,1B,Geografia,1.9,0.0,72.8,24.9,Reprovado
803,Otavio Ribeiro,2A,Sociologia,59.4,9.8,75.6,48.3,Recuperação
804,Natalia Carvalho,1A,Geografia,88.4,17.9,12.9,39.7,Reprovado
805,Eduardo Carvalho,3A,Matemática,81.5,88.1,15.5,61.7,Aprovado
806,Elias Santos,3A,Sociologia,89.7,78.4,82.9,83.7,Aprovado
807,Ana Carvalho,2A,Inglês,59.8,89.0,1.5,50.1,Recuperação
808,Thiago Araújo,2A,Geografia,79.4,56.3,24.6,53.4,Recuperação
809,Thiago Silva,2B,Sociologia,23.0,11.8,57.4,30.7,Reprovado
810,Igor Ribeiro,3B,Inglês,38.3,44.5,31.1,38.0,Reprovado
811,Larissa Silva,2A,Matemática,65.6,47.9,0.2,37.9,Reprovado
812,Beatriz Lima,3B,História,79.2,66.9,64.9,70.3,Aprovado
813,Kevin Mendes,2A,Inglês,44.6,64.3,97.8,68.9,Aprovado
814,Thiago Lima,2B,Geografia,23.0,81.8,34.6,46.5,Recuperação
815,Thiago Mendes,2B,Inglês,52.7,83.3,98.0,78.0,Aprovado
816,Helena Gomes,3A,Química,44.3,21.3,24.1,29.9,Reprovado
817,Kevin Ferreira,3A,Física,63.2,88.9,86.4,79.5,Aprovado
818,Zara Lima,2B,Português,41.8,85.8,70.1,65.9,Aprovado
819,Otavio Oliveira,2B,Matemática,28.5,92.6,37.6,52.9,Recuperação
820,Eduardo Freitas,3A,História,4.5,20.6,34.6,19.9,Reprovado
821,Julia Nascimento,2A,Português,89.0,92.6,71.9,84.5,Aprovado
822,Elias Alves,2B,História,42.6,61.2,40.3,48.0,Recuperação
823,Ximena Pereira,1B,História,35.5,50.3,79.0,54.9,Recuperação
824,Beatriz Almeida,3A,Biologia,71.9,94.9,40.6,69.1,Aprovado
825,Kevin Silva,3B,Biologia,33.6,18.5,73.7,41.9,Recuperação
826,Caio Costa,2B,Geografia,86.2,59.4,9.1,51.6,Recuperação
827,Augusto Almeida,3B,Filosofia,49.3,91.2,17.4,52.6,Recuperação
828,Sandra Araújo,3A,História,56.4,12.4,93.4,54.1,Recuperação
829,Eduardo Mendes,1B,Química,98.9,61.0,32.0,64.0,Aprovado
830,Bruno Barros,2B,História,45.2,38.7,13.3,32.4,Reprovado
831,Fernanda Nascimento,2A,Matemática,78.2,2.8,45.3,42.1,Recuperação
832,Vanessa Silva,3B,Química,81.0,44.2,74.5,66.6,Aprovado
833,Eduardo Carvalho,1B,Filosofia,61.7,24.3,69.2,51.7,Recuperação
834,Kevin Freitas,2B,Biologia,41.7,85.0,49.6,58.8,Recuperação
835,Thiago Ferreira,1A,Inglês,86.7,80.6,55.1,74.1,Aprovado
836,Larissa Santos,3B,Matemática,45.7,28.5,97.2,57.1,Recuperação
837,Fernanda Ferreira,3B,Geografia,37.6,89.6,63.3,63.5,Aprovado
838,Fernanda Costa,3B,Matemática,83.8,91.9,15.8,63.8,Aprovado
839,Ana Ribeiro,3B,Português,24.0,87.3,40.4,50.6,Recuperação
840,Augusto Ferreira,1A,Filosofia,91.3,55.9,90.8,79.3,Aprovado
841,Fernanda Nascimento,1B,Química,71.0,16.6,74.2,53.9,Recuperação
842,Larissa Carvalho,2B,Matemática,79.3,34.9,83.5,65.9,Aprovado
843,Thiago Ferreira,2B,Geografia,16.6,5.6,36.4,19.5,Reprovado
844,Yago Souza,3B,Química,27.8,2.9,97.6,42.8,Recuperação
845,Eduardo Ferreira,1A,Filosofia,50.7,24.1,82.1,52.3,Recuperação
846,Elias Rodrigues,2B,Química,38.6,41.4,57.4,45.8,Recuperação
847,Otavio Ferreira,3A,Inglês,55.9,58.7,11.1,41.9,Recuperação
848,Daniela Ribeiro,1A,Inglês,48.4,72.1,87.5,69.3,Aprovado
849,Julia Lima,3B,Matemática,72.6,0.8,58.1,43.8,Recuperação
850,Natalia Nascimento,3A,Inglês,57.9,76.8,64.6,66.4,Aprovado
851,Marcos Barros,3A,Química,50.9,79.6,90.5,73.7,Aprovado
852,Elias Freitas,1A,Biologia,73.9,77.3,28.1,59.8,Recuperação
853,Thiago Oliveira,2B,Filosofia,12.3,34.8,58.8,35.3,Reprovado
854,Ana Nascimento,3A,Matemática,97.7,0.2,15.5,37.8,Reprovado
855,Fabiana Mendes,3A,Biologia,9.5,3.8,18.1,10.5,Reprovado
856,Julia Mendes,1A,Geografia,47.1,73.6,11.2,44.0,Recuperação
857,Fernanda Araújo,3B,Física,28.5,22.5,58.5,36.5,Reprovado
858,Daniela Freitas,2A,Sociologia,90.3,23.1,36.9,50.1,Recuperação
859,Elias Gomes,2A,Matemática,30.8,59.1,99.6,63.2,Aprovado
860,Daniela Lima,2A,História,96.0,13.4,66.9,58.8,Recuperação
861,Rafael Lima,2B,Matemática,41.5,91.6,92.8,75.3,Aprovado
862,Patricia Mendes,2B,Filosofia,41.4,77.1,50.6,56.4,Recuperação
863,Gabriel Gomes,3A,Geografia,88.8,38.2,54.1,60.4,Aprovado
864,Larissa Pereira,3A,Filosofia,84.2,76.6,30.0,63.6,Aprovado
865,Fabiana Costa,1A,Filosofia,78.4,53.9,1.9,44.7,Recuperação
866,Daniela Nascimento,1A,Inglês,12.3,46.2,90.1,49.5,Recuperação
867,Ana Souza,2A,Português,31.1,26.2,91.4,49.6,Recuperação
868,Fabiana Costa,2A,Filosofia,25.3,34.3,75.7,45.1,Recuperação
869,Marcos Pereira,1B,Física,31.9,77.5,26.0,45.1,Recuperação
870,Patricia Barros,1A,Sociologia,10.0,50.7,88.8,49.8,Recuperação
871,Fernanda Oliveira,3B,Física,24.8,1.5,84.0,36.8,Reprovado
872,Thiago Alves,3B,Física,75.8,53.1,77.5,68.8,Aprovado
873,Larissa Rodrigues,2B,Inglês,92.1,7.5,71.0,56.9,Recuperação
874,Carlos Almeida,2A,Física,27.5,21.9,24.5,24.6,Reprovado
875,Ana Barros,2A,Sociologia,81.1,64.1,6.5,50.6,Recuperação
876,Larissa Barros,3A,Geografia,27.8,85.7,14.9,42.8,Recuperação
877,Beatriz Freitas,1A,Química,84.5,82.0,99.5,88.7,Aprovado
878,Kevin Martins,2A,Filosofia,63.5,37.6,10.2,37.1,Reprovado
879,Sandra Almeida,1A,Biologia,3.7,6.5,32.4,14.2,Reprovado
880,Sandra Lima,1A,Matemática,71.0,21.2,73.2,55.1,Recuperação
881,Larissa Santos,2B,História,66.3,7.2,50.6,41.4,Recuperação
882,Helena Almeida,2A,Física,95.0,88.8,77.2,87.0,Aprovado
883,Igor Gomes,2B,Geografia,10.4,6.7,73.4,30.2,Reprovado
884,Yago Carvalho,3A,Português,11.4,46.0,39.3,32.2,Reprovado
885,Marcos Souza,3A,Sociologia,97.2,6.1,27.2,43.5,Recuperação
886,Beatriz Pereira,2A,Filosofia,63.6,69.2,29.0,53.9,Recuperação
887,Thiago Gomes,3B,Física,34.4,10.8,61.1,35.4,Reprovado
888,Zara Ferreira,1A,Biologia,44.2,66.8,94.4,68.5,Aprovado
889,Larissa Costa,1B,Química,31.8,12.7,54.4,33.0,Reprovado
890,Ximena Freitas,2A,Química,99.0,44.4,87.3,76.9,Aprovado
891,Ana Silva,3B,Física,78.1,43.8,25.7,49.2,Recuperação
892,Helena Alves,1B,Geografia,38.5,12.0,13.6,21.4,Reprovado
893,Kevin Barros,1B,História,51.2,4.5,76.1,43.9,Recuperação
894,Eduardo Costa,2A,História,45.2,8.3,25.5,26.3,Reprovado
895,Marcos Gomes,3A,Inglês,59.6,35.1,90.9,61.9,Aprovado
896,Zara Pereira,1B,Sociologia,42.6,19.1,71.0,44.2,Recuperação
897,Kevin Oliveira,2B,Filosofia,33.8,34.9,15.0,27.9,Reprovado
898,Helena Costa,2B,História,78.5,13.2,14.4,35.4,Reprovado
899,Beatriz Santos,2B,Física,68.0,91.0,73.1,77.4,Aprovado
900,Larissa Mendes,2B,Inglês,97.0,45.5,43.9,62.1,Aprovado
901,Thiago Ribeiro,3A,Sociologia,94.4,97.9,63.6,85.3,Aprovado
902,Bruno Alves,2B,Geografia,99.0,56.9,28.5,61.5,Aprovado
903,Beatriz Rodrigues,1B,Inglês,62.9,84.8,23.3,57.0,Recuperação
904,Carlos Pereira,3A,Sociologia,56.6,7.1,57.0,40.2,Recuperação
905,Zara Silva,3A,Geografia,25.1,60.6,77.0,54.2,Recuperação
906,Marcos Oliveira,1B,Inglês,69.7,42.0,49.7,53.8,Recuperação
907,Kevin Carvalho,1B,Sociologia,59.1,8.0,6.1,24.4,Reprovado
908,Gabriel Ferreira,2A,Português,89.3,49.0,28.7,55.7,Recuperação
909,Vanessa Carvalho,2B,Biologia,94.2,68.6,7.5,56.8,Recuperação
910,Ana Martins,3A,Sociologia,22.5,51.7,31.1,35.1,Reprovado
911,Thiago Silva,2A,Matemática,77.5,40.4,85.6,67.8,Aprovado
912,Beatriz Barros,1A,Filosofia,9.8,91.7,48.3,49.9,Recuperação
913,Zara Carvalho,3A,Sociologia,9.8,70.7,58.4,46.3,Recuperação
914,Augusto Rodrigues,2B,Filosofia,46.8,42.2,13.2,34.1,Reprovado
915,Gabriel Costa,3A,Geografia,21.7,98.5,37.1,52.4,Recuperação
916,Zara Lima,1B,Inglês,39.4,1.3,43.0,27.9,Reprovado
917,Ana Ribeiro,2B,Biologia,88.1,24.1,9.2,40.5,Recuperação
918,Larissa Almeida,3A,Biologia,77.4,60.5,86.6,74.8,Aprovado
919,Zara Pereira,1A,Física,38.4,59.2,13.7,37.1,Reprovado
920,Thiago Alves,2A,Filosofia,98.9,44.0,63.7,68.9,Aprovado
921,Daniela Souza,1A,Geografia,52.3,83.9,90.6,75.6,Aprovado
922,Eduardo Costa,1B,Física,65.5,88.5,25.1,59.7,Recuperação
923,Eduardo Freitas,3B,Inglês,92.4,98.8,61.6,84.3,Aprovado
924,Marcos Costa,1A,História,5.3,3.9,17.3,8.8,Reprovado
925,Sandra Martins,1B,Química,56.8,71.6,56.0,61.5,Aprovado
926,Ximena Carvalho,2B,Química,77.6,38.0,0.1,38.6,Reprovado
927,Julia Nascimento,3A,Química,22.9,82.6,75.2,60.2,Aprovado
928,Helena Souza,2A,Biologia,74.9,94.9,93.7,87.8,Aprovado
929,Rafael Barros,2A,Geografia,29.3,67.7,59.9,52.3,Recuperação
930,Caio Alves,3B,Português,19.9,13.5,4.7,12.7,Reprovado
931,Carlos Rodrigues,1A,Biologia,41.7,27.7,20.1,29.8,Reprovado
932,Ana Alves,3B,Física,0.8,71.4,72.1,48.1,Recuperação
933,Thiago Costa,3A,Filosofia,55.0,77.9,54.9,62.6,Aprovado
934,Elias Oliveira,2B,Física,65.4,14.7,3.7,27.9,Reprovado
935,Rafael Martins,1B,Física,91.2,13.3,50.8,51.8,Recuperação
936,Helena Araújo,2A,Geografia,28.3,45.1,31.4,34.9,Reprovado
937,Elias Araújo,3B,Geografia,83.0,98.8,68.0,83.3,Aprovado
938,Fernanda Pereira,1B,Português,93.0,77.6,37.1,69.2,Aprovado
939,Augusto Lima,3A,Química,18.1,44.9,14.7,25.9,Reprovado
940,Zara Freitas,3B,Matemática,10.6,29.1,94.4,44.7,Recuperação
941,Eduardo Almeida,3B,Filosofia,89.2,16.5,70.1,58.6,Recuperação
942,Yago Freitas,2B,Biologia,56.7,42.7,0.5,33.3,Reprovado
943,Eduardo Ribeiro,1A,Biologia,21.6,1.7,41.1,21.5,Reprovado
944,Carlos Nascimento,1A,Sociologia,69.1,79.8,32.8,60.6,Aprovado
945,Natalia Alves,1B,Física,95.8,5.8,87.4,63.0,Aprovado
946,Elias Pereira,1A,Geografia,74.6,55.3,43.5,57.8,Recuperação
947,Natalia Rodrigues,1B,Português,85.9,65.2,41.4,64.2,Aprovado
948,Fernanda Pereira,2B,Português,54.2,30.1,78.1,54.1,Recuperação
949,Beatriz Ferreira,1B,Sociologia,46.2,9.8,50.0,35.3,Reprovado
950,Otavio Lima,3A,Química,6.1,59.8,14.8,26.9,Reprovado
951,Rafael Costa,3B,Inglês,77.2,68.2,60.4,68.6,Aprovado
952,Patricia Martins,2A,Filosofia,44.1,56.1,34.4,44.9,Recuperação
953,Daniela Freitas,3B,Português,68.8,95.4,8.5,57.6,Recuperação
954,Vanessa Oliveira,2B,Português,92.1,29.4,65.1,62.2,Aprovado
955,Diana Freitas,1A,Química,18.2,86.8,25.8,43.6,Recuperação
956,Larissa Gomes,1B,Matemática,48.8,48.6,74.2,57.2,Recuperação
957,Sandra Lima,3B,Matemática,69.6,79.0,30.6,59.7,Recuperação
958,Zara Souza,3A,Filosofia,32.2,91.9,19.5,47.9,Recuperação
959,Caio Santos,3B,História,63.0,31.9,19.1,38.0,Reprovado
960,Larissa Martins,3A,Matemática,58.2,32.7,13.2,34.7,Reprovado
961,Sandra Gomes,2B,Química,89.4,30.5,49.7,56.5,Recuperação
962,Caio Gomes,1A,História,34.7,37.9,93.5,55.4,Recuperação
963,Fernanda Carvalho,1B,Sociologia,38.2,53.4,45.0,45.5,Recuperação
964,Thiago Ribeiro,2A,Geografia,50.4,95.4,90.4,78.7,Aprovado
965,Natalia Lima,1A,Biologia,87.1,88.2,20.1,65.1,Aprovado
966,Carlos Almeida,2B,Geografia,25.8,75.7,63.0,54.8,Recuperação
967,Diana Costa,1A,História,47.9,31.8,3.4,27.7,Reprovado
968,Beatriz Almeida,1B,Física,40.1,65.2,48.8,51.4,Recuperação
969,Diana Barros,3A,Filosofia,24.9,58.9,24.8,36.2,Reprovado
970,Carlos Martins,1B,História,83.7,0.5,5.2,29.8,Reprovado
971,Eduardo Martins,3A,Física,91.6,59.4,65.6,72.2,Aprovado
972,Ana Ribeiro,2B,Sociologia,37.9,30.9,54.1,41.0,Recuperação
973,Daniela Ribeiro,1B,Matemática,71.6,31.5,40.5,47.9,Recuperação
974,Elias Barros,3B,Inglês,68.5,92.3,54.4,71.7,Aprovado
975,Elias Almeida,3B,Inglês,88.1,17.5,35.4,47.0,Recuperação
976,Ximena Freitas,2A,Biologia,48.1,10.0,88.3,48.8,Recuperação
977,Marcos Freitas,3B,Matemática,58.9,91.9,18.7,56.5,Recuperação
978,Marcos Gomes,2B,Física,14.4,68.1,45.0,42.5,Recuperação
979,Thiago Martins,2A,História,46.4,70.6,61.0,59.3,Recuperação
980,Willian Araújo,2A,Português,18.5,80.4,13.9,37.6,Reprovado
981,Diana Nascimento,3B,Matemática,80.8,38.7,14.7,44.7,Recuperação
982,Julia Ribeiro,2B,Biologia,70.4,58.8,1.4,43.5,Recuperação
983,Eduardo Costa,3B,Matemática,65.3,83.9,14.6,54.6,Recuperação
984,Julia Pereira,1B,Física,61.3,61.6,5.7,42.9,Recuperação
985,Helena Martins,1A,Física,76.9,79.2,5.0,53.7,Recuperação
986,Daniela Nascimento,3B,Biologia,10.2,63.8,0.5,24.8,Reprovado
987,Daniela Pereira,2A,Geografia,24.2,26.3,0.9,17.1,Reprovado
988,Bruno Martins,1B,Sociologia,6.2,97.7,40.4,48.1,Recuperação
989,Otavio Mendes,1A,Física,45.8,19.4,36.5,33.9,Reprovado
990,Helena Gomes,2A,Geografia,34.4,77.3,49.5,53.7,Recuperação
991,Fabiana Ribeiro,3B,Biologia,86.4,56.1,48.1,63.5,Aprovado
992,Fabiana Pereira,2B,Filosofia,11.0,89.2,89.3,63.2,Aprovado
993,Bruno Silva,1A,Inglês,18.0,62.5,49.6,43.4,Recuperação
994,Vanessa Souza,2A,Português,91.1,15.3,65.1,57.2,Recuperação
995,Sandra Santos,2A,Geografia,30.5,22.3,6.0,19.6,Reprovado
996,Zara Araújo,3B,Sociologia,92.1,90.0,33.0,71.7,Aprovado
997,Helena Pereira,1A,Geografia,35.2,35.5,99.7,56.8,Recuperação
998,Carlos Gomes,1A,História,5.1,9.7,40.0,18.3,Reprovado
999,Yago Pereira,2A,Filosofia,99.9,83.1,54.7,79.2,Aprovado
1000,Ana Oliveira,3B,Química,98.4,7.0,97.5,67.6,Aprovado
